{
  "height": 47,
  "width": 109,
  "x": 782.4000244140625,
  "y": 362.07501220703125
}