{
  "height": 16,
  "width": 42,
  "x": 302.01251220703125,
  "y": 1947.4500732421875
}