{
  "height": 110,
  "width": 616,
  "x": 42.400001525878906,
  "y": 171.1125030517578
}