{
  "height": 47,
  "width": 68,
  "x": 750.84375,
  "y": 19.979167938232422
}