{
  "height": 22,
  "width": 304,
  "x": 39.20000076293945,
  "y": 972.3125367164612
}