{
  "height": 70,
  "width": 118,
  "x": 161.8625030517578,
  "y": 191.1125030517578
}